iter|name|node_count|sparsity|distribution_name|mean|std|skewness|execution_time|Deltas|deltas,,,,,,,,,,,,,,,,,,,,,,,,,,,,,,,,,,,,,,,,,,,,,,,,,,,,,,,,,,,,,,,,,,,,,,,,,,,,,,,,,,,,,,,,,,,,,,,,,,,,,,,,,,,,,,,,,,,,,,,,,,,,,,,,,,,,,,,,,,,,,,,,,,,,,,,,,,,,,,,,,,,,,,,,,,,,,,,,,,,,,,,,,,,,,,,,,,,,,,,,,,,,,,,,,,,,,,,,,,,,,,,,,,,,,,,,,,,,,,,,,,,,,,,,,,,,,,,,,,,,,,,,,,,,,,,,,,,,,,,,,,,,,,,,,,,,,,,,,,,,,,,,,,,,,,,,,,,,,,,,,,,,,,,,,,,,,,,,,,,,,,,,,,,,,,,,,,,,,,,,,,,,,,,,,,,,,,,,,,,,,,,,,,,,,,,,,,,,,,,,,,,,,,,,,,,,,,,,,,,,,,,,,,,,,,,,,,,,,,,,,,,,,,,,,,,,,,,,,,,,,,,,,,,,,,,,,,,,,,,,,,,,,,,,,,,,,,,,,,,,,,,,,,,,,,,,,,,,,,,,,,,,,,,,,,,,,,,,,,,,,,,,,,,,,,,,,,,,,,,,,,,,,,,,,,,,,,,,,,,,,,,,,,,,,,,,,,,,,,,,,,,,,,,,,,,,,,,,,,,,,,,,,,,,,,,,,,,,,,,,,,,,,,,,,,,,,,,,,,,,,,,,,,,,,,,,,,,,,,,,,,,,,,,,,,,,,,,,,,,,,,,,,,,,,,,,,,,,,,,,,,,,,,,,,,,,,,,,,,,,,,,,,,,,,,,,,,,,,,,,,,,,,,,,,,,,,,,,,,,,,,,,,,,,,,,,,,,,,,,,,,,,,,,,
0|cs|300|0.5|uniform|2000|None|None|1.589120864868164|[256.0,256,256,256,256,256,256,256,256,256,256,256,256,256,256,256,256,256,256,256,256,256,256,256,256,256,256,256,256,256,256,256,256,256,256,256,256,256,256,256,256,256,256,256,256,256,256,256,256,256,256,256,256,256,256,256,256,256,256,256,256,256,256,256,256,256,256,256,256,256,256,256,256,256,256,256,256,256,256,256,256,256,256,256,256,256,256,256,256,256,256,256,256,256,256,256,256,256,256,256,256,256,256,256,256,256,256,256,256,256,256,256,256,256,256,256,256,256,256,256,256,256,256,256,256,256,256,256,256,256,256,256,256,256,256,256,256,256,256,256,256,256,256,256,256,256,256,256,256,256,256,256,256,256,256,256,256,256,256,256,256,256,256,256,256,256,256,256,256,256,256,256,256,256,256,256,256,256,256,256,256,256,256,256,256,256,256,256,256,256,256,256,256,256,256,256,256,256,256,256,256,256,256,256,256,256,256,256,256,256,256,256,256,256,256,256,256,256,256,256,256,256,256,256,256,256,256,256,256,256,256,256,256,256,256,256,256,256,256,256,256,256,256,256,256,256,256,256,256,256,256,256,256,256,256,256,256,256,256,256,256,256,256,256,256,256,256,256,256,256,256,256,256,256,256,256,256,256,256,256,256,256,256,256,256,256,256,256,256,256,256,256,256,256,256,256,256,256,256,256,256,256,256,256,256,256,256,256,256,256,256,256,256,256,256,256,256,256,256,256,128,128,128,128,128,128,128,128,128,128,128,128,128,128,128,128,128,128,128,128,128,64,64,64,64,64,64,64,64,64,32,32,32,32,32,32,32,32,32,32,32,32,32,32,16,16,16,16,16,16,16,16,8,8,8,4,4,4,4,2,2,1,1,1, 1]|[1935.0,1115,1707,913,403,2351,2666,1569,1990,921,1669,1296,277,1129,1186,597,438,3384,1117,1568,926,929,1793,1351,2755,2557,1488,1639,395,732,366,3045,1976,735,2440,1124,796,3100,1893,2066,1862,1465,1403,2132,3179,2382,1975,1000,2529,288,569,3586,738,854,1177,2119,559,2291,557,1413,2045,2551,428,1169,418,1827,1075,1112,2195,2471,355,454,581,1112,2595,699,463,2198,2173,1830,364,767,1626,2145,2008,758,1513,1020,3620,395,325,2171,461,1492,1553,546,283,925,1027,376,1493,832,999,539,1865,1954,564,947,1279,1086,360,430,2390,499,394,340,1136,371,510,2201,1000,853,498,1163,1204,429,890,408,667,3056,347,1774,581,1216,1716,457,686,2134,885,1317,924,1407,1124,294,443,1461,1859,348,282,2744,799,463,1090,2037,590,1274,1179,478,1383,743,1065,1514,975,496,281,1293,841,771,860,931,323,724,261,1549,619,310,2002,768,1050,1140,572,845,574,1256,722,1145,309,354,660,516,1425,510,295,331,674,420,851,548,1508,663,323,851,2038,663,294,1720,827,1758,965,2190,1157,1506,1011,1379,900,674,517,1725,263,1295,580,262,1611,261,1727,1431,388,2144,926,374,506,2058,1476,858,1055,394,1270,544,1252,583,842,1559,428,389,371,2302,807,894,1194,524,2057,843,765,508,688,383,1004,284,1185,1875,365,871,1365,667,613,399,2313,266,338,649,647,1021,1229,591,355,285,385,888,1055,820,565,515,2624,399,313,1349,1129,1820,459,368,2260,286,673,531,688,263,751,606,904,256,1307,562,1845,491,1092,1166,601,1197,1220,606,906,1501,867,1039,273,1461,595,2093,894, False,133,216,186,167,128,140,175,143,145,152,177,211,151,157,222,134,173,194,168,255, False,80,93,73,79,79,72,107,110, False,43,52,40,46,42,33,33,32,47,45,32,43,49, False,25,18,23,18,18,29,18, False,10,8, False,4,5,6, False,3, False,1,1,1, False],,,,,,,,,,,,,,,,,,,,,,,,,,,,,,,,,,,,,,,,
1|cs|300|0.5|uniform|1900|None|None|1.4861466884613037|[256.0,256,256,256,256,256,256,256,256,256,256,256,256,256,256,256,256,256,256,256,256,256,256,256,256,256,256,256,256,256,256,256,256,256,256,256,256,256,256,256,256,256,256,256,256,256,256,256,256,256,256,256,256,256,256,256,256,256,256,256,256,256,256,256,256,256,256,256,256,256,256,256,256,256,256,256,256,256,256,256,256,256,256,256,256,256,256,256,256,256,256,256,256,256,256,256,256,256,256,256,256,256,256,256,256,256,256,256,256,256,256,256,256,256,256,256,256,256,256,256,256,256,256,256,256,256,256,256,256,256,256,256,256,256,256,256,256,256,256,256,256,256,256,256,256,256,256,256,256,256,256,256,256,256,256,256,256,256,256,256,256,256,256,256,256,256,256,256,256,256,256,256,256,256,256,256,256,256,256,256,256,256,256,256,256,256,256,256,256,256,256,256,256,256,256,256,256,256,256,256,256,256,256,256,256,256,256,256,256,256,256,256,256,256,256,256,256,256,256,256,256,256,256,256,256,256,256,256,256,256,256,256,256,256,256,256,256,256,256,256,256,256,256,256,256,256,256,256,256,256,256,256,256,256,256,256,256,256,256,256,256,256,256,256,256,256,256,256,256,256,256,256,256,256,256,256,256,256,256,256,256,256,256,256,256,256,256,256,256,256,256,256,256,256,256,256,256,256,256,256,256,256,256,256,256,256,256,256,256,256,256,256,256,256,256,256,256,256,256,256,256,256,256,256,256,256,256,128,128,128,128,128,128,128,128,128,128,128,128,128,128,128,128,128,128,128,128,128,64,64,64,64,64,64,64,64,64,32,32,32,32,32,16,16,16,16,16,16,16,16,8,8,8,8,8,4,4,4,4,4,4,4,2,2,2,2,1,1,1,1, 1]|[1927.0,1099,316,752,1534,570,272,1163,2087,1539,1095,1699,1601,943,1507,2862,2943,650,1748,493,1130,948,543,2001,1361,2322,643,1567,1608,1285,717,1155,1447,2069,2444,844,1624,1524,3377,2872,1886,2584,3095,741,2193,266,1853,371,1175,1044,705,1351,1904,1820,1684,1003,1566,772,692,2015,1734,2542,277,1037,2768,1681,1145,1606,2432,1669,869,523,461,2191,627,1055,957,1928,1773,1992,1082,505,1696,925,1405,853,614,2507,478,479,1786,1684,320,1232,1286,430,788,2580,448,368,1145,2093,3053,3250,2765,417,1127,583,2264,830,1401,575,1214,1294,337,714,468,575,621,2121,747,604,838,305,310,610,413,466,595,404,288,2240,339,263,468,965,1187,390,455,379,1412,256,457,1034,2048,386,1343,277,1311,348,1180,1374,406,549,316,709,1239,594,689,1524,276,980,350,425,930,1391,940,565,671,752,702,463,1477,889,1369,1312,1641,564,319,746,330,814,340,334,1515,1135,1571,271,724,1231,419,1364,1080,704,816,599,322,305,345,535,391,369,456,462,1310,283,319,994,805,931,628,435,629,611,690,915,592,1754,438,651,2231,1480,511,706,401,1143,883,1619,656,864,366,863,2160,683,367,1887,1234,300,871,270,1750,878,686,895,602,2109,1393,442,751,733,376,570,1223,1056,401,1703,438,1401,853,590,549,829,628,1161,415,353,1359,504,439,777,327,878,1558,2114,277,665,1072,1352,675,1387,980,408,873,501,717,811,1348,267,293,1102,401,486,440,973,1880,641,381,2027,1370,421,1161,572,560,741,1601,679,607,925,744,781,605,469,420,651,1247,406,1112,373,1115,1436,952,1184,725,436,442,305, False,141,148,146,200,204,164,168,141,165,230,180,140,174,177,175,186,129,184,211,228, False,70,110,97,98,110,64,107,68, False,46,39,59,48, False,20,24,16,16,16,18,22, False,8,12,13,10, False,4,5,5,6,4,4, False,2,2,2, False,1,1,1,1, False],,,,,,,,,,,,,,,,,,,,,,,,,,,,
2|cs|300|0.5|uniform|1800|None|None|1.2922725677490234|[256.0,256,256,256,256,256,256,256,256,256,256,256,256,256,256,256,256,256,256,256,256,256,256,256,256,256,256,256,256,256,256,256,256,256,256,256,256,256,256,256,256,256,256,256,256,256,256,256,256,256,256,256,256,256,256,256,256,256,256,256,256,256,256,256,256,256,256,256,256,256,256,256,256,256,256,256,256,256,256,256,256,256,256,256,256,256,256,256,256,256,256,256,256,256,256,256,256,256,256,256,256,256,256,256,256,256,256,256,256,256,256,256,256,256,256,256,256,256,256,256,256,256,256,256,256,256,256,256,256,256,256,256,256,256,256,256,256,256,256,256,256,256,256,256,256,256,256,256,256,256,256,256,256,256,256,256,256,256,256,256,256,256,256,256,256,256,256,256,256,256,256,256,256,256,256,256,256,256,256,256,256,256,256,256,256,256,256,256,256,256,256,256,256,256,256,256,256,256,256,256,256,256,256,256,256,256,256,256,256,256,256,256,256,256,256,256,256,256,256,256,256,256,256,256,256,256,256,256,256,256,256,256,256,256,256,256,256,256,256,256,256,256,256,256,256,256,256,256,256,256,256,256,256,256,256,256,256,256,256,256,256,256,256,256,256,256,256,256,256,256,256,256,256,256,256,256,256,256,256,256,256,256,256,256,256,256,256,256,256,256,256,256,256,256,256,256,256,256,256,256,256,128,128,128,128,128,128,128,128,128,128,128,128,128,128,128,128,128,128,128,128,128,64,64,64,64,64,64,64,64,64,64,32,32,32,32,32,32,32,32,32,32,16,16,16,16,16,16,16,16,8,8,8,8,8,8,8,4,4,4,4,4,2,2,2,2,1,1,1,1, 1]|[265.0,729,2367,683,1536,398,466,355,2453,3081,1891,778,1694,1362,821,1170,949,471,1068,2109,2295,1222,2631,2977,1828,1528,958,1672,1007,2609,698,798,390,1677,1026,623,345,510,2754,613,1684,3259,1282,353,603,3065,303,1144,441,1273,1013,666,611,2752,698,303,2127,2096,769,641,1250,902,693,2366,2857,494,1565,2776,1271,1354,524,1706,1581,926,893,955,2124,369,1896,567,976,1433,1824,1459,2424,3205,2468,1626,792,1626,2144,2087,893,1213,1040,2622,2153,1112,982,2288,1753,364,527,643,472,1529,681,578,493,1089,764,908,1522,297,2149,613,929,263,373,402,372,455,2998,653,1260,645,634,1273,694,2306,779,660,1336,490,308,1648,986,1233,576,953,750,556,1765,2014,1313,713,534,315,762,1107,1363,411,1131,324,575,394,383,331,446,2114,1193,1918,720,1297,391,581,2444,1020,895,750,1015,287,1565,297,825,510,876,748,644,324,560,1240,467,1131,1687,1524,1042,324,1597,742,986,2087,2091,932,593,1072,777,638,679,1361,730,961,996,1205,723,479,491,1179,1189,401,768,1118,2140,331,869,878,345,1628,1621,994,404,275,865,926,327,714,372,612,689,267,753,1076,1326,490,1006,417,485,2225,561,808,2239,356,853,282,515,575,1755,507,785,1416,269,1637,1449,599,713,989,286,1359,559,828,790,1271,643,644,931,2106,1461,1369,874,717,958,638,1396,445,677,352,716,715,680,806,410,997,639,1680,1273,1606,632,669,868,362,465,781,1356,342,1664,2148,657,1575,771,1042, False,133,187,219,154,168,128,147,198,141,245,178,224,182,163,162,134,144,130,163,141, False,84,64,82,73,73,75,75,90,78, False,42,33,41,45,32,42,49,40,51, False,18,23,23,31,27,21,22, False,12,8,11,8,9,10, False,6,4,6,4, False,3,3,2, False,1,1,1,1, False],,,,,,,,,,,,,,,,,,,,,,,,,,,,,,,,,,,,,,,,,,,,,,,,,,,,,,,,,,,,,,,,,,,,
3|cs|300|0.5|uniform|1700|None|None|1.6031227111816406|[256.0,256,256,256,256,256,256,256,256,256,256,256,256,256,256,256,256,256,256,256,256,256,256,256,256,256,256,256,256,256,256,256,256,256,256,256,256,256,256,256,256,256,256,256,256,256,256,256,256,256,256,256,256,256,256,256,256,256,256,256,256,256,256,256,256,256,256,256,256,256,256,256,256,256,256,256,256,256,256,256,256,256,256,256,256,256,256,256,256,256,256,256,256,256,256,256,256,256,256,256,256,256,256,256,256,256,256,256,256,256,256,256,256,256,256,256,256,256,256,256,256,256,256,256,256,256,256,256,256,256,256,256,256,256,256,256,256,256,256,256,256,256,256,256,256,256,256,256,256,256,256,256,256,256,256,256,256,256,256,256,256,256,256,256,256,256,256,256,256,256,256,256,256,256,256,256,256,256,256,256,256,256,256,256,256,256,256,256,256,256,256,256,256,256,256,256,256,256,256,256,256,256,256,256,256,256,256,256,256,256,256,256,256,256,256,256,256,256,256,256,256,256,256,256,256,256,256,256,256,256,256,256,256,256,256,256,256,256,256,256,256,256,256,256,256,256,256,256,256,256,256,256,256,256,256,256,256,256,256,256,256,256,256,256,256,256,256,256,256,256,256,256,256,256,256,256,256,256,256,256,256,256,256,256,256,256,256,256,256,256,256,256,256,256,256,256,256,256,256,256,256,256,256,256,128,128,128,128,128,128,128,128,128,128,128,128,128,128,128,128,128,64,64,64,64,64,64,64,64,64,64,64,64,64,64,64,64,64,64,64,64,32,32,32,32,32,32,32,32,32,32,16,16,16,16,16,16,16,16,16,16,8,8,8,4,4,4,4,4,2,2,2,2,1,1, 1]|[903.0,2716,2443,384,2386,472,1842,2042,2043,475,480,1963,2377,1413,1586,317,926,1517,1550,959,1679,1764,341,942,1827,2841,1843,1530,1916,1974,1894,1350,676,2051,558,982,732,2178,2147,1251,748,2345,1020,485,1403,1822,1362,2881,1873,1677,918,1471,351,688,382,2104,1078,1036,288,694,2753,1412,1069,389,2333,2841,789,341,277,1112,272,1608,2733,612,1009,859,702,964,500,322,790,1050,919,274,430,2423,2256,624,1168,814,1671,917,305,971,456,706,273,743,586,2034,421,421,468,489,1469,730,555,737,1066,1113,470,502,266,293,993,431,349,1619,623,262,1340,1219,494,1496,867,409,844,1041,792,400,349,2671,742,358,851,675,1976,417,311,424,1090,640,544,2183,256,1065,1121,584,542,511,970,676,281,876,404,396,393,839,273,536,324,599,528,315,922,686,430,770,690,1903,1339,315,370,722,537,579,584,500,853,1046,1258,490,640,451,427,635,481,402,702,384,330,583,410,889,362,356,482,767,802,371,665,992,413,395,441,311,1129,547,778,435,632,286,613,311,1275,447,837,394,651,554,815,320,1013,286,874,804,669,1246,611,721,1722,422,1090,520,602,864,293,1421,450,392,974,555,1886,454,275,1166,486,786,626,885,339,631,788,709,770,465,1353,452,1796,594,842,364,1663,470,323,888,1255,660,1062,327,302,492,409,1170,660,485,767,1512,743,267,481,693,331,1907,822,306,2065,406,816,331,513,870,382,764,968,293,360,1377,568,755,474,728,1179, False,135,128,184,157,204,152,207,150,133,180,158,186,162,239,184,164, False,99,78,80,70,93,100,66,79,91,86,72,126,79,80,89,114,78,65,83, False,55,50,38,35,32,42,47,32,42, False,17,19,25,21,23,19,20,17,20, False,8,12, False,4,4,4,6, False,2,3,2, False,1,1, False],,,,,,,,,,,,,,,,,,,,,,,,,,,,,,,,,,,,,,,,,,,,,,,,,,,,,,,,,,
4|cs|300|0.5|uniform|1600|None|None|1.4471805095672607|[256.0,256,256,256,256,256,256,256,256,256,256,256,256,256,256,256,256,256,256,256,256,256,256,256,256,256,256,256,256,256,256,256,256,256,256,256,256,256,256,256,256,256,256,256,256,256,256,256,256,256,256,256,256,256,256,256,256,256,256,256,256,256,256,256,256,256,256,256,256,256,256,256,256,256,256,256,256,256,256,256,256,256,256,256,256,256,256,256,256,256,256,256,256,256,256,256,256,256,256,256,256,256,256,256,256,256,256,256,256,256,256,256,256,256,256,256,256,256,256,256,256,256,256,256,256,256,256,256,256,256,256,256,256,256,256,256,256,256,256,256,256,256,256,256,256,256,256,256,256,256,256,256,256,256,256,256,256,256,256,256,256,256,256,256,256,256,256,256,256,256,256,256,256,256,256,256,256,256,256,256,256,256,256,256,256,256,256,256,256,256,256,256,256,256,256,256,256,256,256,256,256,256,256,256,256,256,256,256,256,256,256,256,256,256,256,256,256,256,256,256,256,256,256,256,256,256,256,256,256,256,256,256,256,256,256,256,256,256,256,256,256,256,256,256,256,256,256,256,256,256,256,256,256,256,256,256,256,256,256,256,256,256,256,256,256,256,256,256,256,256,256,256,256,256,256,256,256,256,256,256,256,256,256,256,256,256,256,256,256,256,256,256,256,256,256,256,256,256,256,256,256,256,256,256,128,128,128,128,128,128,128,128,128,128,128,128,128,128,128,128,128,128,128,128,128,128,64,64,64,64,64,64,64,64,64,64,64,32,32,32,32,32,32,32,32,32,32,32,16,16,16,16,16,16,16,16,16,8,8,8,8,8,8,8,8,8,4,4,4,2,2,2,2,2,1, 1]|[816.0,727,2469,2131,1725,1017,2025,794,565,948,1736,759,2772,2135,2654,728,293,1144,1898,2703,318,279,1930,1089,631,982,780,1279,1466,1752,802,2805,1879,435,1541,2417,939,715,581,395,2162,1066,2229,382,744,1047,925,1508,1477,2379,1592,528,701,1311,1522,628,427,1052,1999,1484,1295,2234,566,1057,2450,1722,697,753,513,651,432,455,1229,370,412,3079,1266,584,1615,981,601,612,806,268,2180,1290,2086,491,532,1061,1767,344,884,489,276,451,1156,1425,718,756,282,418,1165,377,553,395,422,341,506,412,667,1370,488,256,282,522,559,1026,880,1231,424,327,340,375,553,636,282,753,1967,625,1182,375,1009,536,324,354,950,371,694,816,1101,1264,1542,654,571,585,660,491,819,640,1319,1538,721,741,1370,271,589,260,1146,323,1932,1232,274,498,321,1270,544,558,1000,926,759,2008,511,267,754,850,507,286,2302,751,750,748,851,1164,1507,775,401,256,1481,269,370,731,1700,292,404,577,508,334,601,278,757,734,915,366,718,314,621,262,817,745,1272,544,1507,831,636,297,728,269,1288,728,353,358,1750,644,907,959,595,717,1799,264,2064,582,392,1820,1073,909,1240,1206,1048,558,285,299,360,1104,440,498,1120,974,702,717,1761,1249,306,817,273,868,1183,739,783,300,481,1488,479,918,377,381,1286,664,1747,654,293,1567,734,873,664,734,1277,815,650,901,955,1068,1022,955,294,1220,288,328,565,902,855,1001,310,518,936,341,1319,893,417,936,366,342,320, False,236,155,246,202,207,183,210,206,171,178,201,215,149,181,138,213,228,221,182,234,169, False,120,64,74,102,115,91,69,87,89,79, False,51,46,47,36,41,39,39,46,41,56, False,23,19,16,22,24,18,30,24, False,8,9,11,10,8,13,10,10, False,4,5, False,3,3,2,2, False,1, False],,,,,,,,,,,,,,,,,,,,,,,,,,,,,,,,,,,,,,,,,,,,,,,,,,,,,,,,,,
5|cs|300|0.5|uniform|1500|None|None|1.9199130535125732|[256.0,256,256,256,256,256,256,256,256,256,256,256,256,256,256,256,256,256,256,256,256,256,256,256,256,256,256,256,256,256,256,256,256,256,256,256,256,256,256,256,256,256,256,256,256,256,256,256,256,256,256,256,256,256,256,256,256,256,256,256,256,256,256,256,256,256,256,256,256,256,256,256,256,256,256,256,256,256,256,256,256,256,256,256,256,256,256,256,256,256,256,256,256,256,256,256,256,256,256,256,256,256,256,256,256,256,256,256,256,256,256,256,256,256,256,256,256,256,256,256,256,256,256,256,256,256,256,256,256,256,256,256,256,256,256,256,256,256,256,256,256,256,256,256,256,256,256,256,256,256,256,256,256,256,256,256,256,256,256,256,256,256,256,256,256,256,256,256,256,256,256,256,256,256,256,256,256,256,256,256,256,256,256,256,256,256,256,256,256,256,256,256,256,256,256,256,256,256,256,256,256,256,256,256,256,256,256,256,256,256,256,256,256,256,256,256,256,256,256,256,256,256,256,256,256,256,256,256,256,256,256,256,256,256,256,256,256,256,256,256,256,256,256,256,256,256,256,256,256,256,256,256,256,256,256,256,256,256,256,256,256,256,256,256,256,256,256,256,256,256,256,256,256,256,128,128,128,128,128,128,128,128,128,128,128,128,128,128,128,128,128,128,128,64,64,64,64,64,64,64,64,64,64,64,64,64,64,64,64,64,64,64,64,32,32,32,32,32,32,32,32,32,32,16,16,16,8,8,8,8,8,8,8,8,4,4,2,2,1,1,1,1, 1]|[256.0,2064,1481,932,697,718,1794,442,367,507,840,1015,1589,2223,1202,1558,1201,390,1204,1115,999,2073,2339,1503,268,326,562,828,1528,1857,1146,435,1345,1174,1373,1184,445,1934,1134,795,591,1115,1331,1349,1876,1018,1860,1787,1238,2763,1612,468,259,1363,266,757,1195,1557,450,534,698,2289,365,2126,1683,2577,1466,1749,1410,406,467,426,455,1941,1461,2014,1410,1434,484,1678,1652,797,1040,712,288,679,344,1510,299,365,618,802,761,2161,394,1438,585,388,508,605,293,1127,363,543,368,541,874,882,293,360,341,1355,694,323,748,533,664,2070,408,639,1426,294,713,623,399,306,616,740,945,1769,583,888,1304,482,429,1097,557,703,1659,835,739,923,990,307,459,295,1799,1366,531,407,279,256,285,990,1018,658,1146,364,453,1720,514,323,664,563,675,273,1299,335,295,523,702,1446,646,735,1024,444,1037,769,843,570,908,1115,984,573,1639,945,596,639,734,894,291,1659,876,482,763,587,379,640,340,773,421,275,627,490,513,773,1219,322,480,552,809,981,1137,853,263,533,266,414,1746,1296,373,454,268,932,1389,525,378,674,287,304,457,458,751,696,374,285,808,322,878,1090,378,306,691,936,757,1389,520,1117,1054,338,658,1179,1066,1187,290,313,1600,455,352,671,1266,350,521,639,1354,261,634,378,295,766,1574,595,441, False,174,206,218,175,153,159,128,155,211,164,152,170,153,210,155,234,154,175, False,70,86,68,70,97,77,86,79,89,68,125,127,66,82,95,115,83,123,68, False,39,33,60,42,36,43,46,37,34, False,17,20, False,10,14,8,13,12,13,8, False,4, False,2, False,1,1,1,1, False],,,,,,,,,,,,,,,,,,,,,,,,,,,,,,,,,,,,,,,,,,,,,,,,,,,,,,,,,,,,,,,,,,,,,,,,,,,,,,,,,,,,,,,,,,,,,,,,,,,,,,,,,,,,,,,,,,,,,,,,,,,,
6|cs|300|0.5|uniform|1400|None|None|1.8239727020263672|[128.0,128,128,128,128,128,128,128,128,128,128,128,128,128,128,128,128,128,128,128,128,128,128,128,128,128,128,128,128,128,128,128,128,128,128,128,128,128,128,128,128,128,128,128,128,128,128,128,128,128,128,128,128,128,128,128,128,128,128,128,128,128,128,128,128,128,128,128,128,128,128,128,128,128,128,128,128,128,128,128,128,128,128,128,128,128,128,128,128,128,128,128,128,128,128,128,128,128,128,128,128,128,128,128,128,128,128,128,128,128,128,128,128,128,128,128,128,128,128,128,128,128,128,128,128,128,128,128,128,128,128,128,128,128,128,128,128,128,128,128,128,128,128,128,128,128,128,128,128,128,128,128,128,128,128,128,128,128,128,128,128,128,128,128,128,128,128,128,128,128,128,128,128,128,128,128,128,128,128,128,128,128,128,128,128,128,128,128,128,128,128,128,128,128,128,128,128,128,128,128,128,128,128,128,128,128,128,128,128,128,128,128,128,128,128,128,128,128,128,128,128,128,128,128,128,128,128,128,128,128,128,128,128,128,128,128,128,128,128,128,128,128,128,128,128,128,128,128,128,128,128,128,128,128,128,128,128,128,128,128,128,128,128,128,128,128,128,128,128,128,128,128,128,128,128,128,128,128,128,128,128,128,128,128,128,128,128,128,128,128,128,128,128,128,128,128,128,128,128,128,128,128,128,128,128,128,128,128,128,128,128,128,128,128,128,128,128,128,128,128,128,128,128,128,128,128,128,128,128,128,128,128,128,128,128,128,128,128,128,128,128,128,128,128,128,128,64,64,64,64,64,64,64,64,64,64,64,32,32,32,32,32,32,32,32,32,16,16,16,16,16,16,16,16,8,8,8,8,8,4,4,4,2,2,2,1,1,1, 1]|[283.0,681,596,1174,340,2108,1533,130,2001,1282,394,549,2273,1766,726,781,1169,234,303,1063,2321,1929,560,369,1230,2524,2083,713,697,162,2588,1197,2543,1066,300,183,1447,743,1714,1230,943,758,502,230,659,1698,222,756,1562,2002,913,348,356,678,140,145,831,1567,1120,405,865,539,1719,1392,1526,494,218,640,952,1693,1104,430,1201,683,298,1616,202,2409,993,1963,355,1989,2592,130,1766,207,1669,749,1102,745,1329,640,2022,1206,1390,444,198,1452,949,324,957,1129,1984,401,342,159,137,671,195,1772,296,1030,709,346,131,756,708,155,151,207,1064,267,874,329,132,310,1181,533,200,135,978,513,2099,137,371,355,486,152,1260,1057,410,193,209,319,1393,589,905,313,645,1395,515,310,249,171,280,450,410,429,236,521,234,276,309,842,214,179,206,499,159,739,419,1163,141,314,206,165,226,187,208,464,132,444,478,256,374,368,536,667,138,233,524,666,1007,402,203,694,627,940,322,838,649,1258,148,480,791,496,1381,413,1040,1122,544,1162,348,1352,344,1733,406,1487,1186,573,578,973,634,603,334,637,793,175,418,197,430,298,422,231,375,711,571,236,260,406,460,948,254,364,1830,213,601,244,256,465,312,472,498,220,1239,156,1012,232,1529,473,592,378,183,678,1640,184,345,831,431,1019,879,971,958,322,985,704,255,226,250,134,749,399,755,497,916,568,568,364,2265,1166,1096,165,446,1420,831,1693,882,885,376,537,162,1024,578,491,779,449,738,664,233,1185,200,186,797,986,512,327,173,579,1230,382,333,289,132,802,1082,808,228,510,627,559,1114,432,343,449,342,290,522,708,1181,156,318,424,327,440,392, False,80,70,78,79,81,68,83,95,87,76, False,39,36,60,57,36,36,60,54, False,20,16,16,27,20,22,31, False,14,9,14,8, False,7,6, False,2,2, False,1,1,1, False],,,,,,,,,,,,,,,,,,,,,,,,,,,,,,,,
7|cs|300|0.5|uniform|1300|None|None|2.080308675765991|[128.0,128,128,128,128,128,128,128,128,128,128,128,128,128,128,128,128,128,128,128,128,128,128,128,128,128,128,128,128,128,128,128,128,128,128,128,128,128,128,128,128,128,128,128,128,128,128,128,128,128,128,128,128,128,128,128,128,128,128,128,128,128,128,128,128,128,128,128,128,128,128,128,128,128,128,128,128,128,128,128,128,128,128,128,128,128,128,128,128,128,128,128,128,128,128,128,128,128,128,128,128,128,128,128,128,128,128,128,128,128,128,128,128,128,128,128,128,128,128,128,128,128,128,128,128,128,128,128,128,128,128,128,128,128,128,128,128,128,128,128,128,128,128,128,128,128,128,128,128,128,128,128,128,128,128,128,128,128,128,128,128,128,128,128,128,128,128,128,128,128,128,128,128,128,128,128,128,128,128,128,128,128,128,128,128,128,128,128,128,128,128,128,128,128,128,128,128,128,128,128,128,128,128,128,128,128,128,128,128,128,128,128,128,128,128,128,128,128,128,128,128,128,128,128,128,128,128,128,128,128,128,128,128,128,128,128,128,128,128,128,128,128,128,128,128,128,128,128,128,128,128,128,128,128,128,128,128,128,128,128,128,128,128,128,128,128,128,128,128,128,128,128,128,128,128,128,128,128,128,128,128,128,128,128,128,128,128,128,128,128,128,128,128,128,128,128,128,128,128,128,128,128,128,128,128,128,128,128,128,128,128,128,128,128,128,128,128,128,128,128,128,128,128,128,128,128,128,128,128,128,128,128,128,128,128,128,128,128,128,128,64,64,64,64,64,64,64,64,64,64,64,64,32,32,32,32,32,32,32,32,32,32,32,32,32,32,32,32,16,16,16,16,16,16,16,16,16,16,8,8,8,8,8,8,4,4,4,4,4,4,2,2,2,2,2,2,1,1, 1]|[530.0,979,791,281,1593,541,1867,953,1569,465,631,1480,577,910,1679,761,1728,755,916,426,233,1585,734,661,1462,553,1446,1824,291,1529,377,361,403,153,1100,771,359,233,2170,147,130,325,1275,1147,548,543,2305,1999,327,615,1747,242,516,1756,666,1071,326,541,1397,1749,2548,215,459,1048,1457,341,1003,1414,636,839,1870,1113,292,2168,995,891,2060,1557,1284,1145,2127,509,605,681,131,1005,485,297,638,1070,760,484,1176,1208,541,950,715,235,237,248,760,253,377,527,343,351,472,180,594,710,531,1720,307,279,218,537,146,318,523,712,994,397,592,646,637,363,1339,442,260,794,263,282,457,369,1300,169,361,722,193,1127,1226,328,821,967,612,315,346,534,623,319,481,493,469,550,236,694,422,220,1931,189,1067,422,163,906,233,250,1468,898,179,695,1117,490,280,463,516,524,640,324,327,390,1373,393,942,702,288,1263,199,657,131,149,1222,483,138,233,411,378,400,204,926,976,909,350,677,251,466,340,652,1505,734,204,299,561,1996,244,861,242,539,326,829,229,1130,198,540,247,1201,2123,1121,475,212,365,171,247,269,668,313,754,612,378,1145,136,805,549,566,787,201,178,1209,763,244,945,551,642,1255,803,614,518,1007,590,1382,406,142,962,433,398,656,573,327,457,348,655,685,268,1080,642,817,414,1146,493,433,164,1693,321,302,550,569,392,1624,185,436,202,770,739,1354,874,206,1245,299,750,136,131,1032,298,552,155,913,360,168,876,288,617,398,726,347,214,359,597,161,542,756,176,725,275,512,278,1087,358,537,483,318,435,616,148,153,770,645,812,512,577,273, False,68,73,80,64,97,75,67,89,94,115,66, False,57,61,57,39,47,38,40,49,38,35,55,33,39,40,56, False,17,23,27,20,25,24,17,16,17, False,10,10,8,9,14, False,4,6,5,4,6, False,3,2,2,3,3, False,1,1, False],,,,,,,,,,,,
8|cs|300|0.5|uniform|1200|None|None|2.1098029613494873|[128.0,128,128,128,128,128,128,128,128,128,128,128,128,128,128,128,128,128,128,128,128,128,128,128,128,128,128,128,128,128,128,128,128,128,128,128,128,128,128,128,128,128,128,128,128,128,128,128,128,128,128,128,128,128,128,128,128,128,128,128,128,128,128,128,128,128,128,128,128,128,128,128,128,128,128,128,128,128,128,128,128,128,128,128,128,128,128,128,128,128,128,128,128,128,128,128,128,128,128,128,128,128,128,128,128,128,128,128,128,128,128,128,128,128,128,128,128,128,128,128,128,128,128,128,128,128,128,128,128,128,128,128,128,128,128,128,128,128,128,128,128,128,128,128,128,128,128,128,128,128,128,128,128,128,128,128,128,128,128,128,128,128,128,128,128,128,128,128,128,128,128,128,128,128,128,128,128,128,128,128,128,128,128,128,128,128,128,128,128,128,128,128,128,128,128,128,128,128,128,128,128,128,128,128,128,128,128,128,128,128,128,128,128,128,128,128,128,128,128,128,128,128,128,128,128,128,128,128,128,128,128,128,128,128,128,128,128,128,128,128,128,128,128,128,128,128,128,128,128,128,128,128,128,128,128,128,128,128,128,128,128,128,128,128,128,128,128,128,128,128,128,128,128,128,128,128,128,128,128,128,128,128,128,128,128,128,128,128,128,128,128,128,128,128,128,128,128,128,128,128,128,128,128,128,128,128,128,128,128,128,128,128,128,128,64,64,64,64,64,64,64,64,64,64,64,64,64,64,64,64,32,32,32,32,32,32,32,32,32,32,32,32,32,16,16,16,16,16,16,16,8,8,8,8,8,8,8,4,4,4,2,2,2, 1]|[440.0,1114,278,511,1343,720,224,326,413,287,653,342,292,1340,959,1159,364,720,502,729,1512,762,530,489,305,1110,176,458,1065,703,994,158,349,218,134,128,2131,1439,510,207,772,961,2110,890,586,248,336,533,765,182,184,715,1979,316,313,205,229,905,596,1041,950,924,333,517,1883,1088,954,1960,261,730,131,650,1397,638,529,859,599,277,1497,1367,584,1137,387,205,604,832,1625,1998,254,1370,656,1989,1370,788,939,1428,158,1447,153,147,133,497,401,664,305,592,554,643,618,1673,407,229,506,851,802,335,498,262,1360,942,1187,261,314,252,349,499,1131,1203,500,168,232,989,186,235,1177,196,352,397,191,862,579,195,1031,497,750,436,387,605,185,252,629,646,183,691,318,264,1117,149,309,267,354,801,335,205,564,816,263,488,990,576,172,1112,570,173,208,588,725,147,226,278,1079,881,173,1612,660,1603,1383,946,357,392,331,571,203,445,161,613,922,135,1446,740,1061,163,205,146,512,215,282,615,1101,555,277,624,158,926,1157,374,147,676,706,349,624,551,682,135,267,175,467,802,304,880,973,761,527,256,1086,135,386,406,885,143,134,1184,231,1519,209,291,508,544,635,805,643,430,334,695,187,263,206,260,294,274,362,721,876,154,526,733,240,262,392,681,809,245,1261,180,892,528,782,242,493,176,251,153,401,373,742,368,1124,573,153,168,281,571,1306,676,611,292,501,330,344,404,1131,308,355,609,300,1373,285,765,648,415,298,204,459, False,64,78,107,90,70,100,88,79,92,126,88,103,121,95,67, False,54,33,39,37,59,48,44,59,50,58,47,40, False,23,22,20,24,16,22, False,11,9,8,11,8,12, False,5,5, False,3,2, False, False],,,,,,,,,,,,,,,,,,,,,,,,,,,,,,,,,,,,,,,,,,,,,,,,,,,,,,,,,,,,,,,,,,,,,,,,,,,,,,,,,,
9|cs|300|0.5|uniform|1100|None|None|1.4611642360687256|[128.0,128,128,128,128,128,128,128,128,128,128,128,128,128,128,128,128,128,128,128,128,128,128,128,128,128,128,128,128,128,128,128,128,128,128,128,128,128,128,128,128,128,128,128,128,128,128,128,128,128,128,128,128,128,128,128,128,128,128,128,128,128,128,128,128,128,128,128,128,128,128,128,128,128,128,128,128,128,128,128,128,128,128,128,128,128,128,128,128,128,128,128,128,128,128,128,128,128,128,128,128,128,128,128,128,128,128,128,128,128,128,128,128,128,128,128,128,128,128,128,128,128,128,128,128,128,128,128,128,128,128,128,128,128,128,128,128,128,128,128,128,128,128,128,128,128,128,128,128,128,128,128,128,128,128,128,128,128,128,128,128,128,128,128,128,128,128,128,128,128,128,128,128,128,128,128,128,128,128,128,128,128,128,128,128,128,128,128,128,128,128,128,128,128,128,128,128,128,128,128,128,128,128,128,128,128,128,128,128,128,128,128,128,128,128,128,128,128,128,128,128,128,128,128,128,128,128,128,128,128,128,128,128,128,128,128,128,128,128,128,128,128,128,128,128,128,128,128,128,128,128,128,128,128,128,128,128,128,128,128,128,128,128,128,128,128,128,128,128,128,128,128,128,128,128,128,128,128,128,128,128,128,128,128,128,128,128,128,128,128,128,128,128,128,128,128,128,128,128,128,128,128,128,128,128,128,128,128,128,128,128,128,128,128,128,128,128,128,128,128,128,128,64,64,64,64,64,64,64,64,64,64,64,64,64,32,32,32,32,32,32,32,32,32,32,32,32,32,32,32,16,16,16,16,16,16,16,8,8,8,8,8,8,8,4,4,4,4,2,2,1, 1]|[1748.0,210,1101,1144,582,1175,643,988,749,1767,600,680,707,1665,575,297,1455,362,677,684,1553,679,1159,1815,414,653,1570,732,1232,385,484,1681,1177,1384,1531,943,793,699,1053,516,485,1000,934,450,762,1094,1095,1284,947,791,1023,400,228,223,2009,829,1097,215,736,268,1273,533,715,1077,1202,262,2060,444,690,665,210,838,151,1600,369,546,170,745,714,1250,240,1393,693,264,157,370,1191,1690,162,1534,951,226,753,579,1249,1090,166,1179,141,653,890,171,153,160,1119,570,290,381,646,294,271,559,168,375,508,856,410,763,1023,953,143,263,655,751,259,738,247,335,363,782,308,558,443,162,557,1108,327,1034,573,1137,299,180,255,691,146,870,702,658,653,751,583,620,713,343,545,494,201,161,245,236,861,215,507,394,533,540,516,1301,666,466,213,580,448,491,143,323,607,437,340,273,350,517,437,260,1024,1030,673,684,279,486,439,153,178,1523,187,673,707,250,827,235,141,877,171,459,346,228,301,308,153,610,978,394,645,714,829,963,1216,128,278,876,203,590,511,709,546,358,316,788,317,142,823,617,810,363,562,168,221,498,533,761,156,181,195,483,345,470,409,449,601,254,468,477,689,226,264,173,464,326,362,526,295,558,301,281,421,261,682,234,817,273,781,786,349,189,373,970,329,195,779,768,242,985,976,210,159,190,468,597,468,327,1001,656,269,238,440,440,376,384,1592,198,157,556,314,552,395,1412,423,782,569,990,393,232,144,598,178,814,479,243,562,128,646, False,88,95,82,97,81,73,84,72,69,86,89,110, False,32,34,58,32,41,47,35,32,35,54,51,38,33,39, False,17,18,22,17,26,16, False,8,11,9,14,15,9, False,5,4,4, False,2, False,1, False],,,,,,,,,,,,,,,,,,,,,,,,,,,,,,,,,,,,,,,,,,,,,,,,,,,,,,,,,,,,,,,,,,
10|cs|300|0.5|uniform|1000|None|None|1.8549141883850098|[128.0,128,128,128,128,128,128,128,128,128,128,128,128,128,128,128,128,128,128,128,128,128,128,128,128,128,128,128,128,128,128,128,128,128,128,128,128,128,128,128,128,128,128,128,128,128,128,128,128,128,128,128,128,128,128,128,128,128,128,128,128,128,128,128,128,128,128,128,128,128,128,128,128,128,128,128,128,128,128,128,128,128,128,128,128,128,128,128,128,128,128,128,128,128,128,128,128,128,128,128,128,128,128,128,128,128,128,128,128,128,128,128,128,128,128,128,128,128,128,128,128,128,128,128,128,128,128,128,128,128,128,128,128,128,128,128,128,128,128,128,128,128,128,128,128,128,128,128,128,128,128,128,128,128,128,128,128,128,128,128,128,128,128,128,128,128,128,128,128,128,128,128,128,128,128,128,128,128,128,128,128,128,128,128,128,128,128,128,128,128,128,128,128,128,128,128,128,128,128,128,128,128,128,128,128,128,128,128,128,128,128,128,128,128,128,128,128,128,128,128,128,128,128,128,128,128,128,128,128,128,128,128,128,128,128,128,128,128,128,128,128,128,128,128,128,128,128,128,128,128,128,128,128,128,128,128,128,128,128,128,128,128,128,128,128,128,128,128,128,128,128,128,128,128,128,128,128,128,128,128,128,128,128,128,128,128,128,128,128,128,128,128,128,128,128,128,128,128,128,128,128,128,128,128,128,128,128,128,128,128,128,128,128,128,128,128,128,128,128,128,128,128,128,128,64,64,64,64,64,64,64,64,64,64,64,64,64,64,64,64,64,64,64,64,64,64,64,64,64,32,32,32,32,32,32,32,32,32,32,32,32,32,32,16,16,16,16,16,16,16,16,16,16,16,16,16,8,8,8,8,8,8,8,8,8,4,4,4,4,4,4,4,4,4,2,2,2,2,2,2,2,1,1,1, 1]|[565.0,165,1477,534,250,246,279,769,252,161,1231,375,344,458,1111,172,679,981,1042,1690,628,887,751,1270,232,1747,300,971,1274,190,573,761,832,1172,573,804,1064,1221,370,603,638,292,1329,449,423,1164,818,1322,427,604,552,852,144,286,490,1179,259,325,668,810,455,1038,1232,223,541,516,890,1419,1181,508,886,362,1091,856,348,377,234,700,1553,765,450,934,443,448,916,463,584,982,1269,413,486,806,443,599,843,188,1038,299,455,1351,140,404,1219,321,1249,162,1109,862,1071,318,1080,710,274,150,138,176,590,261,449,1190,1224,734,441,345,356,215,138,161,605,798,479,148,508,741,454,1088,510,321,337,208,239,143,439,193,178,488,534,254,565,520,202,379,152,156,922,281,280,191,465,155,365,202,330,481,470,908,593,240,746,145,427,375,705,351,222,154,212,1553,474,290,664,181,450,161,246,1305,390,274,183,817,133,322,295,790,281,188,559,129,254,229,1284,295,771,346,1061,206,291,347,244,317,216,457,940,188,797,451,720,128,139,490,151,340,300,419,265,522,152,229,612,690,290,550,222,263,183,474,611,278,367,141,762,260,157,579,134,439,450,679,830,375,254,184,393,598,231,184,766,996,670,447,142,444,152,217,978,789,184,342,284,364,495,161,804,377,885,382,205,552,171,735,255,160,201,920,299,356,364,276,1356,323,641,214,816,359,298,335,292,970,209,1134,522,689,259,590,323,931,177,225,592,829,318,138,167,779,144,709,331,192,372,1106,170,376,701, False,109,69,89,76,64,82,70,70,120,88,84,85,104,116,124,69,64,77,99,68,92,80,99,66, False,50,34,43,54,35,32,44,33,32,34,38,36,55, False,16,18,16,26,19,23,17,29,25,25,21,25, False,10,10,10,9,14,8,8,15, False,4,4,4,4,6,7,6,7, False,2,2,2,3,2,2, False,1,1,1, False]
11|cs|300|0.5|uniform|900|None|None|1.855928897857666|[128.0,128,128,128,128,128,128,128,128,128,128,128,128,128,128,128,128,128,128,128,128,128,128,128,128,128,128,128,128,128,128,128,128,128,128,128,128,128,128,128,128,128,128,128,128,128,128,128,128,128,128,128,128,128,128,128,128,128,128,128,128,128,128,128,128,128,128,128,128,128,128,128,128,128,128,128,128,128,128,128,128,128,128,128,128,128,128,128,128,128,128,128,128,128,128,128,128,128,128,128,128,128,128,128,128,128,128,128,128,128,128,128,128,128,128,128,128,128,128,128,128,128,128,128,128,128,128,128,128,128,128,128,128,128,128,128,128,128,128,128,128,128,128,128,128,128,128,128,128,128,128,128,128,128,128,128,128,128,128,128,128,128,128,128,128,128,128,128,128,128,128,128,128,128,128,128,128,128,128,128,128,128,128,128,128,128,128,128,128,128,128,128,128,128,128,128,128,128,128,128,128,128,128,128,128,128,128,128,128,128,128,128,128,128,128,128,128,128,128,128,128,128,128,128,128,128,128,128,128,128,128,128,128,128,128,128,128,128,128,128,128,128,128,128,128,128,128,128,128,128,128,128,128,128,128,128,128,128,128,128,128,128,128,128,128,128,128,128,128,128,128,128,128,128,128,128,128,128,128,128,128,128,128,128,128,128,128,128,128,128,128,128,128,128,128,128,128,128,128,128,128,128,128,128,128,128,128,128,128,128,128,128,128,128,128,128,128,128,128,128,128,128,128,128,128,128,128,128,64,64,64,64,64,64,64,64,64,64,64,64,64,64,64,64,64,64,64,64,32,32,32,32,32,32,32,32,32,32,32,32,32,32,32,32,32,32,32,32,32,16,16,16,16,16,16,16,8,8,8,8,8,8,8,8,8,4,4,4,4,4,2,2,2,2,1,1,1,1, 1]|[196.0,1142,737,1284,1375,1005,1293,1049,865,803,1478,585,980,1151,557,1111,916,273,1019,156,744,1223,482,903,732,698,1305,523,1206,584,1339,450,653,584,1300,329,405,631,1267,1540,1369,751,135,803,206,1100,546,745,1321,757,735,844,724,1470,858,222,796,579,158,911,478,831,917,1360,476,1166,419,869,302,1585,467,564,1159,352,141,659,1005,429,336,444,936,849,713,459,411,170,1189,956,355,735,1677,251,996,411,246,337,1364,899,317,167,163,718,198,179,649,270,312,169,576,375,141,860,641,280,321,707,450,239,147,746,209,253,416,181,711,648,345,937,403,607,312,527,152,147,949,197,188,293,191,483,446,306,273,240,176,297,619,164,240,568,139,195,761,239,433,285,783,1061,237,615,375,759,339,230,375,134,653,584,481,334,558,802,446,304,656,367,178,288,441,305,1001,543,215,569,209,577,277,1152,144,754,313,338,150,146,140,212,133,377,506,533,500,443,446,176,257,135,805,1151,242,222,421,484,437,166,245,568,442,481,681,277,478,260,221,412,301,389,421,482,746,375,346,227,276,532,247,186,250,192,317,524,441,167,130,747,187,387,523,161,881,145,1068,254,525,424,266,260,289,164,207,738,288,143,277,148,433,146,1191,212,683,474,212,525,206,1236,236,265,234,547,409,273,1119,224,134,586,334,766,257,654,582,1035,325,398,524,614,640,329,286,718,244,441,688,254,225,238,251,284,946,655,292,731,467,146,421,615,346,671,407,184,704,415,462,368,133,210,432,355,238, False,76,65,82,75,70,75,88,81,104,70,71,65,77,124,76,81,112,103,100, False,40,39,35,34,45,36,36,38,33,47,36,45,39,37,41,36,41,33,37,39, False,16,17,25,24,19,22, False,11,10,10,8,8,13,13,13, False,4,4,6,4, False,2,2,2, False,1,1,1,1, False],,,,,,,,,,,,
12|cs|300|0.5|uniform|800|None|None|1.7150146961212158|[128.0,128,128,128,128,128,128,128,128,128,128,128,128,128,128,128,128,128,128,128,128,128,128,128,128,128,128,128,128,128,128,128,128,128,128,128,128,128,128,128,128,128,128,128,128,128,128,128,128,128,128,128,128,128,128,128,128,128,128,128,128,128,128,128,128,128,128,128,128,128,128,128,128,128,128,128,128,128,128,128,128,128,128,128,128,128,128,128,128,128,128,128,128,128,128,128,128,128,128,128,128,128,128,128,128,128,128,128,128,128,128,128,128,128,128,128,128,128,128,128,128,128,128,128,128,128,128,128,128,128,128,128,128,128,128,128,128,128,128,128,128,128,128,128,128,128,128,128,128,128,128,128,128,128,128,128,128,128,128,128,128,128,128,128,128,128,128,128,128,128,128,128,128,128,128,128,128,128,128,128,128,128,128,128,128,128,128,128,128,128,128,128,128,128,128,128,128,128,128,128,128,128,128,128,128,128,128,128,128,128,128,128,128,128,128,128,128,128,128,128,128,128,128,128,128,128,128,128,128,128,128,128,128,128,128,128,128,128,128,128,128,128,128,128,128,128,128,128,128,128,128,128,128,128,128,128,128,128,128,128,128,128,128,128,128,128,128,128,128,128,128,128,128,128,128,128,128,128,128,128,128,128,128,128,64,64,64,64,64,64,64,64,64,64,64,64,64,64,64,64,64,64,32,32,32,32,32,32,32,32,32,32,32,32,32,32,16,16,16,16,16,8,8,8,8,8,8,8,4,4,4,4,4,4,2,2,2,2,2,2,1,1,1,1, 1]|[783.0,504,1116,369,959,424,899,514,816,231,491,217,235,512,450,990,474,1458,386,932,685,448,362,243,633,834,666,314,280,1199,219,296,1163,664,585,185,491,555,565,638,1049,177,802,1129,286,844,937,693,275,1029,469,1065,273,543,1173,600,962,724,883,356,1268,643,495,634,479,134,405,390,1364,136,673,311,546,164,221,641,1380,327,635,339,938,377,547,671,691,672,590,413,163,697,420,227,140,137,210,396,288,626,278,206,597,359,351,441,587,597,403,601,149,644,145,128,566,517,561,622,739,335,459,186,396,604,859,695,389,332,145,145,209,273,602,353,441,396,172,218,243,336,225,168,844,239,292,555,312,467,175,314,171,352,535,254,187,175,468,255,697,504,168,329,774,140,332,637,160,351,396,541,357,410,243,212,132,307,392,477,209,353,293,471,382,274,699,488,437,468,367,291,224,185,233,359,175,346,342,676,210,461,338,930,580,216,664,148,287,177,228,137,378,187,263,594,324,155,437,223,203,154,529,141,317,387,190,310,894,188,861,312,291,502,565,301,583,289,317,251,144,136,693,303,500,297,381,231,308,244,375,217,405,535,402,242,179,558,289,367,247,457,307,244,264,420,180,294,389,411,146,136,302,735,814,224,237,285,486,885,285,369,328,334,391,359,1065, False,120,119,66,78,73,72,94,68,85,111,92,114,67,121,103,89,83, False,46,51,34,45,37,55,50,40,39,53,35,49,33, False,16,19,24,17, False,13,8,14,12,8,9, False,4,7,7,4,4, False,3,2,3,2,3, False,1,1,1,1, False],,,,,,,,,,,,,,,,,,,,,,,,,,,,,,,,,,,,,,,,,,,,,,,,,,,,,,,,,,,,,,,,,,,,,,,,,,,,,,,,,,,,,,,,,,,,,,,,,,,,,,,,,,,,,,,,,,,,,,,,
13|cs|300|0.5|uniform|700|None|None|1.938866376876831|[128.0,128,128,128,128,128,128,128,128,128,128,128,128,128,128,128,128,128,128,128,128,128,128,128,128,128,128,128,128,128,128,128,128,128,128,128,128,128,128,128,128,128,128,128,128,128,128,128,128,128,128,128,128,128,128,128,128,128,128,128,128,128,128,128,128,128,128,128,128,128,128,128,128,128,128,128,128,128,128,128,128,128,128,128,128,128,128,128,128,128,128,128,128,128,128,128,128,128,128,128,128,128,128,128,128,128,128,128,128,128,128,128,128,128,128,128,128,128,128,128,128,128,128,128,128,128,128,128,128,128,128,128,128,128,128,128,128,128,128,128,128,128,128,128,128,128,128,128,128,128,128,128,128,128,128,128,128,128,128,128,128,128,128,128,128,128,128,128,128,128,128,128,128,128,128,128,128,128,128,128,128,128,128,128,128,128,128,128,128,128,128,128,128,128,128,128,128,128,128,128,128,128,128,128,128,128,128,128,128,128,128,128,128,128,128,128,128,128,128,128,128,128,128,128,128,128,128,128,128,128,128,128,128,128,128,128,128,128,128,128,128,128,128,128,128,128,128,128,128,128,128,128,128,128,128,128,128,128,128,128,128,128,128,128,128,128,128,128,128,128,128,128,128,128,128,128,128,128,128,128,128,128,128,128,128,128,128,128,128,128,128,128,128,128,128,128,128,128,128,128,128,128,64,64,64,64,64,64,64,64,64,64,64,64,64,64,64,64,64,64,64,64,64,64,64,64,64,64,64,64,32,32,32,32,32,32,32,32,32,32,32,32,32,32,32,16,16,16,16,16,16,16,16,16,16,16,16,16,16,16,8,8,8,8,8,8,8,8,4,4,4,4,4,4,4,4,2,2,2,2,2,2,1,1,1,1,1,1, 1]|[668.0,1178,882,322,180,324,180,183,1244,636,1089,151,141,724,851,409,508,156,315,461,174,294,247,214,629,771,482,580,145,213,680,836,471,303,163,224,590,248,384,660,277,541,827,669,1017,785,597,747,298,674,168,377,658,654,437,491,722,552,226,1166,984,482,240,590,1115,1150,372,750,288,399,689,691,1033,175,777,311,729,220,496,411,471,301,909,260,294,566,245,509,604,699,152,623,483,218,340,263,433,187,172,227,328,240,235,447,362,299,217,428,287,255,302,137,427,507,204,355,161,428,241,215,224,241,663,255,552,253,141,532,218,626,244,264,136,185,271,190,182,461,295,338,271,393,435,251,211,684,372,219,223,809,457,370,722,239,741,590,268,750,171,244,355,185,541,137,247,313,197,234,404,148,495,362,325,146,331,654,245,754,187,128,612,535,310,348,449,555,243,625,387,342,528,195,273,210,164,425,166,186,150,262,184,370,161,181,283,208,178,647,317,145,193,442,407,470,301,715,350,509,257,237,478,925,267,324,335,262,455,453,545,349,378,177,152,377,183,180,268,217,300,182,320,152,511,194,149,192,180,593,258,581,278,854,330,140,673,560,354,369,187,147,244,295,421,466,340,248,190,354,222,169,202,392,142,195,609,442,314,186,377,130,382,562,187,897,263,546,162,284,193,925,133,229,962,572,176,516,192,762,444,131,359, False,112,87,88,71,66,85,88,115,85,79,107,69,73,95,74,119,71,85,82,116,98,70,88,84,87,86,98, False,34,33,37,41,36,43,50,44,32,36,61,33,37,35, False,22,31,17,24,21,25,16,16,18,16,17,21,30,30, False,13,11,8,8,12,10,14, False,4,6,4,5,4,7,4, False,2,2,3,3,2, False,1,1,1,1,1,1, False],,,,,,,,,,,,,,,,,,,,,,,,,,,,,,,,
14|cs|300|0.5|uniform|600|None|None|1.8849115371704102|[128.0,128,128,128,128,128,128,128,128,128,128,128,128,128,128,128,128,128,128,128,128,128,128,128,128,128,128,128,128,128,128,128,128,128,128,128,128,128,128,128,128,128,128,128,128,128,128,128,128,128,128,128,128,128,128,128,128,128,128,128,128,128,128,128,128,128,128,128,128,128,128,128,128,128,128,128,128,128,128,128,128,128,128,128,128,128,128,128,128,128,128,128,128,128,128,128,128,128,128,128,128,128,128,128,128,128,128,128,128,128,128,128,128,128,128,128,128,128,128,128,128,128,128,128,128,128,128,128,128,128,128,128,128,128,128,128,128,128,128,128,128,128,128,128,128,128,128,128,128,128,128,128,128,128,128,128,128,128,128,128,128,128,128,128,128,128,128,128,128,128,128,128,128,128,128,128,128,128,128,128,128,128,128,128,128,128,128,128,128,128,128,128,128,128,128,128,128,128,128,128,128,128,128,128,128,128,128,128,128,128,128,128,128,128,128,128,128,128,128,128,128,128,128,128,128,128,128,128,128,128,128,128,128,128,128,128,128,128,128,128,128,128,128,128,128,128,128,128,128,128,128,128,128,128,128,128,128,128,128,128,128,128,128,128,128,128,128,128,128,128,128,128,128,128,128,128,128,128,128,128,128,128,128,128,128,64,64,64,64,64,64,64,64,64,64,64,64,64,64,64,64,64,64,64,64,64,64,64,64,64,64,64,64,64,64,64,64,64,64,64,64,64,32,32,32,32,32,32,32,32,32,32,32,32,32,32,32,32,32,32,32,32,32,32,16,16,16,16,16,16,16,16,16,16,16,16,16,16,16,8,8,8,8,8,8,8,8,8,8,8,4,4,4,4,4,4,4,4,4,4,4,2,2,2,2,2,2,2,2,2,1,1,1,1,1,1,1,1,1,1,1, 1]|[1035.0,155,765,766,527,354,255,693,718,304,192,346,391,619,439,1014,269,413,689,272,349,392,588,182,438,869,474,612,816,416,290,915,474,446,873,300,684,153,1138,374,210,1136,378,142,158,254,709,198,937,234,810,173,710,855,658,208,323,407,826,150,256,370,502,866,601,897,148,347,516,130,145,219,788,210,166,644,163,776,750,628,742,540,429,353,396,284,149,1011,284,631,450,755,221,703,138,146,381,169,151,420,457,169,368,185,661,249,259,456,734,446,463,245,264,340,135,410,237,338,468,336,513,238,259,290,318,208,529,347,391,234,361,145,234,221,768,233,170,633,507,380,431,174,562,253,138,382,258,283,228,454,142,534,305,170,356,201,448,295,200,168,200,177,433,141,471,278,280,331,340,841,188,141,274,163,325,773,174,603,182,376,238,194,421,171,186,441,205,203,420,317,245,133,288,315,697,412,405,493,220,145,217,587,151,368,237,161,208,170,850,139,802,194,159,171,592,272,163,190,432,252,208,188,180,238,530,230,827,625,556,252,604,183,216,462,302,271,266,186,285,539,432,383,339,444,410,137,171,443,202,448,606,393,177,560,529,705,193,582,287,186,307,379,431,182,189,447,220,169,237,305,477,303,215,353,749,148,242,367,232,567,316,358,185,221, False,66,87,76,70,78,84,92,72,93,80,82,94,64,96,65,65,94,90,87,73,79,68,108,102,71,74,121,65,90,106,66,104,103,119,97,80, False,41,41,41,33,48,37,52,39,40,45,44,34,44,37,40,50,33,34,51,41,35, False,18,21,22,23,18,16,20,16,16,19,25,17,16,22, False,11,9,11,12,11,9,8,12,9,9, False,5,5,6,4,4,4,6,4,7,5, False,2,2,2,3,2,3,2,3, False,1,1,1,1,1,1,1,1,1,1,1, False],,,,,,
15|cs|300|0.5|uniform|500|None|None|1.9230308532714844|[64.0,64,64,64,64,64,64,64,64,64,64,64,64,64,64,64,64,64,64,64,64,64,64,64,64,64,64,64,64,64,64,64,64,64,64,64,64,64,64,64,64,64,64,64,64,64,64,64,64,64,64,64,64,64,64,64,64,64,64,64,64,64,64,64,64,64,64,64,64,64,64,64,64,64,64,64,64,64,64,64,64,64,64,64,64,64,64,64,64,64,64,64,64,64,64,64,64,64,64,64,64,64,64,64,64,64,64,64,64,64,64,64,64,64,64,64,64,64,64,64,64,64,64,64,64,64,64,64,64,64,64,64,64,64,64,64,64,64,64,64,64,64,64,64,64,64,64,64,64,64,64,64,64,64,64,64,64,64,64,64,64,64,64,64,64,64,64,64,64,64,64,64,64,64,64,64,64,64,64,64,64,64,64,64,64,64,64,64,64,64,64,64,64,64,64,64,64,64,64,64,64,64,64,64,64,64,64,64,64,64,64,64,64,64,64,64,64,64,64,64,64,64,64,64,64,64,64,64,64,64,64,64,64,64,64,64,64,64,64,64,64,64,64,64,64,64,64,64,64,64,64,64,64,64,64,64,64,64,64,64,64,64,64,64,64,64,64,64,64,64,64,64,64,64,64,64,64,64,64,64,64,64,64,64,64,64,64,64,64,64,64,64,64,64,64,64,64,64,64,64,64,64,64,64,64,64,64,64,64,64,64,64,64,64,64,64,64,64,64,64,64,64,64,64,64,64,64,32,32,32,32,32,32,32,32,32,32,32,32,32,32,32,32,32,32,32,32,32,32,32,32,32,16,16,16,16,16,16,16,16,8,8,8,8,8,8,8,8,8,8,8,8,4,4,4,4,4,4,4,4,4,4,4,4,2,2,2,2,2,2,2,1,1,1, 1]|[190.0,517,330,500,227,803,392,198,479,351,679,196,748,129,183,233,509,562,716,860,561,298,118,135,918,202,569,133,329,77,336,753,198,632,881,363,476,339,559,229,759,114,343,88,551,131,437,118,947,310,413,642,254,229,900,245,290,585,301,166,440,142,70,224,223,435,123,558,273,331,523,465,315,406,417,94,189,167,71,281,73,703,373,758,227,481,165,677,68,436,86,269,284,114,77,472,165,461,312,133,223,682,397,98,116,125,150,214,256,449,339,116,69,142,94,194,151,157,64,112,101,594,224,107,506,221,227,334,244,238,251,288,112,94,348,91,74,193,305,387,172,92,78,397,131,125,251,68,240,78,268,657,146,96,71,299,109,307,576,189,211,177,380,170,329,201,259,111,241,318,121,81,324,572,101,132,104,539,298,167,248,65,438,161,70,96,309,168,176,262,204,103,98,530,225,132,260,274,263,107,180,489,79,283,111,161,125,321,653,308,84,77,246,126,226,159,466,151,255,217,467,293,134,87,399,189,137,304,76,257,84,190,237,278,107,497,323,243,94,312,245,206,415,230,119,246,124,328,196,331,182,127,216,127,68,143,217,265,574,114,108,580,290,396,105,207,124,360,264,86,125,258,199,140,126,164,76,627,292,162,275,91,95,127,129,81,138,135,261,223,236,170,137,102,463,539,100,114,195,216,139,78,474,222,376,380,200,430,233,184,78,304,127,129,76,153,248,95,400,222,93,486,475,172,65,338, False,36,54,56,58,46,41,38,40,41,50,40,44,45,45,40,34,49,38,60,60,41,33,37,42, False,24,23,16,17,17,17,18, False,9,11,9,9,11,15,10,12,9,8,9, False,5,4,6,4,4,6,4,5,6,6,5, False,2,2,2,2,2,2, False,1,1,1, False],,,,,,,,,,,,,,,,,,,,
16|cs|300|0.5|uniform|400|None|None|2.05629563331604|[64.0,64,64,64,64,64,64,64,64,64,64,64,64,64,64,64,64,64,64,64,64,64,64,64,64,64,64,64,64,64,64,64,64,64,64,64,64,64,64,64,64,64,64,64,64,64,64,64,64,64,64,64,64,64,64,64,64,64,64,64,64,64,64,64,64,64,64,64,64,64,64,64,64,64,64,64,64,64,64,64,64,64,64,64,64,64,64,64,64,64,64,64,64,64,64,64,64,64,64,64,64,64,64,64,64,64,64,64,64,64,64,64,64,64,64,64,64,64,64,64,64,64,64,64,64,64,64,64,64,64,64,64,64,64,64,64,64,64,64,64,64,64,64,64,64,64,64,64,64,64,64,64,64,64,64,64,64,64,64,64,64,64,64,64,64,64,64,64,64,64,64,64,64,64,64,64,64,64,64,64,64,64,64,64,64,64,64,64,64,64,64,64,64,64,64,64,64,64,64,64,64,64,64,64,64,64,64,64,64,64,64,64,64,64,64,64,64,64,64,64,64,64,64,64,64,64,64,64,64,64,64,64,64,64,64,64,64,64,64,64,64,64,64,64,64,64,64,64,64,64,64,64,64,64,64,64,64,64,64,64,64,64,64,64,64,64,64,64,64,64,64,64,64,64,64,64,64,64,64,64,64,64,64,64,64,64,64,64,64,64,64,64,64,64,64,64,64,64,64,64,64,64,64,64,64,64,64,64,32,32,32,32,32,32,32,32,32,32,32,32,32,32,32,32,32,32,32,32,32,32,32,32,32,16,16,16,16,16,16,16,16,16,16,16,16,8,8,8,8,8,8,8,8,8,8,8,8,4,4,4,4,4,4,4,4,4,4,2,2,2,1,1,1,1, 1]|[647.0,70,165,332,335,113,261,110,86,167,236,454,149,538,163,349,322,617,171,496,452,123,321,204,125,463,149,161,112,325,616,517,102,202,403,681,190,80,155,469,531,250,86,143,197,389,374,234,91,250,128,337,109,101,101,140,132,337,745,264,258,116,640,408,408,143,500,264,140,485,717,238,285,646,196,291,221,69,195,222,741,299,341,330,78,312,413,300,342,384,210,145,683,258,358,430,571,511,210,585,205,108,508,453,598,128,166,147,160,274,79,262,119,119,385,68,89,130,208,157,348,217,67,76,180,204,221,80,191,315,160,512,75,539,85,109,179,135,158,76,124,210,102,386,191,65,65,116,89,231,138,141,290,66,235,83,142,155,90,90,195,113,391,276,116,112,147,344,233,151,418,221,188,228,240,126,196,243,131,108,80,329,102,121,419,113,154,458,84,162,120,106,67,380,83,466,68,179,391,107,84,136,320,224,318,94,271,102,131,103,112,321,270,302,166,324,67,137,277,131,65,391,140,279,64,333,172,371,242,151,219,96,92,72,185,271,209,133,307,82,126,65,147,108,285,75,70,149,118,373,383,118,307,194,104,363,208,249,88,108,221,73,95,237,246,78,143,290,254,262,330,162,81,102,69,166,86,178,163,110,249,219,281,88,304,192,173,200,479,152,127,102,115,233,217,85,64,80,250,100,258,256,354,190,129,292,103, False,46,36,56,40,44,32,59,33,35,32,50,34,38,41,36,32,54,50,48,46,47,43,56,42, False,17,18,21,21,16,17,26,17,27,20,29, False,8,9,8,9,8,8,10,8,9,9,8, False,4,5,4,4,5,6,5,5,5, False,2,3, False,1,1,1,1, False],,,,,,,,,,,,,,,,,,,,,,,,,,,,,,,,,,,,,,,,,,,,,,,,,,,,,,,,,,,,
17|cs|300|0.5|uniform|300|None|None|1.3881933689117432|[64.0,64,64,64,64,64,64,64,64,64,64,64,64,64,64,64,64,64,64,64,64,64,64,64,64,64,64,64,64,64,64,64,64,64,64,64,64,64,64,64,64,64,64,64,64,64,64,64,64,64,64,64,64,64,64,64,64,64,64,64,64,64,64,64,64,64,64,64,64,64,64,64,64,64,64,64,64,64,64,64,64,64,64,64,64,64,64,64,64,64,64,64,64,64,64,64,64,64,64,64,64,64,64,64,64,64,64,64,64,64,64,64,64,64,64,64,64,64,64,64,64,64,64,64,64,64,64,64,64,64,64,64,64,64,64,64,64,64,64,64,64,64,64,64,64,64,64,64,64,64,64,64,64,64,64,64,64,64,64,64,64,64,64,64,64,64,64,64,64,64,64,64,64,64,64,64,64,64,64,64,64,64,64,64,64,64,64,64,64,64,64,64,64,64,64,64,64,64,64,64,64,64,64,64,64,64,64,64,64,64,64,64,64,64,64,64,64,64,64,64,64,64,64,64,64,64,64,64,64,64,64,64,64,64,64,64,64,64,64,64,64,64,64,64,64,64,64,64,64,64,64,64,64,64,64,64,64,64,64,64,64,64,64,64,64,64,64,64,64,64,64,64,64,64,64,64,64,64,64,64,64,64,32,32,32,32,32,32,32,32,32,32,32,32,32,32,32,32,32,32,32,32,32,32,32,32,32,32,16,16,16,16,16,16,16,16,16,16,8,8,8,8,8,8,8,8,8,8,8,8,8,8,4,4,4,4,4,4,4,4,4,4,2,2,2,2,2,2,2,2,2,2,2,1,1,1,1,1,1, 1]|[82.0,236,251,301,160,280,236,148,65,97,88,106,105,120,159,162,350,95,118,193,72,206,130,345,276,342,458,174,142,281,251,232,112,347,133,271,355,351,166,213,175,99,417,111,230,81,80,231,244,157,71,318,328,74,111,130,75,576,298,224,275,557,105,293,317,266,403,186,376,116,232,115,154,236,292,267,187,345,263,168,65,254,76,370,219,118,203,298,275,112,120,85,221,184,99,102,158,236,118,90,160,326,106,265,147,82,110,331,151,87,114,118,157,131,70,106,133,172,67,67,244,160,145,78,163,163,84,212,146,382,133,95,107,241,254,186,65,197,135,328,108,133,186,143,236,285,143,138,225,113,103,338,211,106,150,189,125,249,176,432,393,92,105,166,64,195,102,97,144,161,149,180,153,330,268,264,205,64,78,184,67,67,72,81,267,114,134,123,139,313,70,165,93,79,146,157,283,310,128,98,239,169,75,97,78,452,67,167,74,64,131,187,152,87,169,160,94,168,139,201,108,171,76,134,100,267,115,175,184,207,107,133,214,108,273,107,124,118,138,79,190,114,90,171,245,201,144,115,163,76,82,104,67,112,260,103,237,114,205,120,99,203,241,139,194,146,329,140,148,265,127,222,81,144,161,162,149,129,174,232,247, False,59,51,35,38,51,34,37,33,37,32,45,37,34,51,48,34,34,34,36,34,43,36,45,38,33, False,25,17,18,20,18,16,19,22,17, False,15,10,13,9,9,10,12,8,12,12,8,10,9, False,5,7,4,4,7,6,5,7,6, False,2,3,2,2,2,3,2,2,3,2, False,1,1,1,1,1,1, False],,,,,,,,,,,,,,,,,,,,,,,,,,,,,,,,,,,,,,,,,,,,,,,,,,,,,,,,,,,,,,,,,,,,,,,,,,,,,,,,,,,,,,,,,,
18|cs|300|0.5|uniform|200|None|None|1.6380410194396973|[32.0,32,32,32,32,32,32,32,32,32,32,32,32,32,32,32,32,32,32,32,32,32,32,32,32,32,32,32,32,32,32,32,32,32,32,32,32,32,32,32,32,32,32,32,32,32,32,32,32,32,32,32,32,32,32,32,32,32,32,32,32,32,32,32,32,32,32,32,32,32,32,32,32,32,32,32,32,32,32,32,32,32,32,32,32,32,32,32,32,32,32,32,32,32,32,32,32,32,32,32,32,32,32,32,32,32,32,32,32,32,32,32,32,32,32,32,32,32,32,32,32,32,32,32,32,32,32,32,32,32,32,32,32,32,32,32,32,32,32,32,32,32,32,32,32,32,32,32,32,32,32,32,32,32,32,32,32,32,32,32,32,32,32,32,32,32,32,32,32,32,32,32,32,32,32,32,32,32,32,32,32,32,32,32,32,32,32,32,32,32,32,32,32,32,32,32,32,32,32,32,32,32,32,32,32,32,32,32,32,32,32,32,32,32,32,32,32,32,32,32,32,32,32,32,32,32,32,32,32,32,32,32,32,32,32,32,32,32,32,32,32,32,32,32,32,32,32,32,32,32,32,32,32,32,32,32,32,32,32,32,32,32,32,32,32,32,32,32,32,32,32,32,32,32,32,32,32,32,32,32,32,16,16,16,16,16,16,16,16,16,16,16,16,16,16,16,16,16,16,16,16,16,8,8,8,8,8,8,8,8,8,8,8,8,8,4,4,4,4,4,2,2,2,2,2,2,2,1,1,1,1,1, 1]|[220.0,78,235,341,92,88,108,242,34,63,75,151,232,87,115,58,118,102,95,213,73,42,59,110,204,94,213,104,248,63,93,261,174,43,178,43,165,178,169,214,158,167,257,37,284,156,138,53,56,245,56,155,177,114,130,143,197,34,225,151,314,130,324,69,235,192,144,197,163,77,69,82,43,116,78,150,125,178,171,120,109,296,189,108,222,161,282,120,59,44,58,137,147,54,154,96,88,112,103,120,238,58,39,53,38,71,161,49,76,62,32,62,71,120,213,50,71,82,94,34,72,49,99,69,37,70,118,248,59,51,39,107,96,50,36,92,72,40,142,132,35,72,95,170,163,93,74,127,214,58,77,80,63,100,121,82,82,60,47,189,54,61,134,60,116,123,92,98,78,126,46,92,109,103,60,128,92,80,38,205,45,72,99,60,75,40,68,185,133,55,65,138,33,125,53,124,61,34,84,41,64,42,62,37,79,114,49,65,87,114,73,51,61,156,162,68,301,69,50,36,248,177,73,103,63,160,73,216,38,50,79,98,81,80,58,92,105,84,66,79,43,90,92,47,40,109,78,145,200,60,257,85,222,36,63,126,86,58,157,78,197,95,90,211,84,164,39,98,54,80,143,49,56,83,47,50,32,128,184,46, False,17,23,25,18,16,19,19,26,16,19,20,16,20,26,29,16,26,24,19,16, False,9,11,12,11,10,9,12,10,12,8,12,10, False,6,7,6,6, False,2,2,2,2,2,3, False,1,1,1,1,1, False],,,,,,,,,,,,,,,,,,,,,,,,,,,,,,,,,,,,,,,,,,,,,,,,,,,,,,,,,,,,,,,,,,,,,,,,,,,,,,,,,,,,,,,,,,,,,,,,,,,,,,,,,,,,,,,,,,,,,,,,,,,,,,,,,,,,,,,,,,,,,,,,
19|cs|300|0.5|uniform|100|None|None|1.7630150318145752|[32.0,32,32,32,32,32,32,32,32,32,32,32,32,32,32,32,32,32,32,32,32,32,32,32,32,32,32,32,32,32,32,32,32,32,32,32,32,32,32,32,32,32,32,32,32,32,32,32,32,32,32,32,32,32,32,32,32,32,32,32,32,32,32,32,32,32,32,32,32,32,32,32,32,32,32,32,32,32,32,32,32,32,32,32,32,32,32,32,32,32,32,32,32,32,32,32,32,32,32,32,32,32,32,32,32,32,32,32,32,32,32,32,32,32,32,32,32,32,32,32,32,32,32,32,32,32,32,32,32,32,32,32,32,32,32,32,32,32,32,32,32,32,32,32,32,32,32,32,32,32,32,32,32,32,32,32,32,32,32,32,32,32,32,32,32,32,32,32,32,32,32,32,32,32,32,32,32,32,32,32,32,32,32,32,32,32,32,32,32,32,32,32,32,32,32,32,32,32,32,32,32,32,32,32,32,32,32,32,32,32,32,32,32,32,32,32,32,32,32,32,32,32,32,32,32,32,32,32,32,32,32,32,32,32,32,32,32,32,32,16,16,16,16,16,16,16,16,16,16,16,16,16,16,16,16,16,16,16,16,16,16,16,16,16,16,8,8,8,8,8,8,8,8,8,8,8,8,8,8,8,8,8,8,8,8,4,4,4,4,4,4,4,4,4,4,4,4,4,4,4,4,4,4,4,4,4,4,4,4,4,4,2,2,2,2,2,2,2,2,2,2,2,2,2,2,2,2,1,1,1,1,1,1,1,1,1,1,1,1,1, 1]|[78.0,62,97,80,87,97,94,81,68,145,54,39,158,146,59,146,62,111,65,179,118,126,39,88,46,43,144,83,50,90,76,98,153,76,74,150,75,97,184,75,88,52,174,117,61,192,60,58,58,109,93,134,111,37,49,36,100,87,62,158,179,88,34,60,73,118,57,130,70,34,95,78,126,40,50,43,39,119,78,44,91,44,44,71,56,60,57,40,41,52,48,48,41,36,36,49,111,55,43,87,94,47,40,43,37,38,69,33,48,95,40,38,44,33,51,64,64,34,68,34,49,45,35,37,77,35,110,45,63,62,119,34,49,82,96,54,115,33,126,92,59,46,64,33,112,37,52,62,39,54,78,89,36,58,87,73,39,101,50,75,49,59,35,58,42,106,32,58,64,61,36,53,35,39,61,126,86,46,80,73,79,38,38,82,67,58,37,104,96,95,102,60,86,68,67,79,46,34,110,51,37,46,52,53,43,158,124,66,97,53,32,81,45,51,50,106,56,44,42,34,64,46,39,104,64,63,73,98,46,43,37,102,51,54,34,42,39,32, False,21,30,24,22,22,21,23,21,16,16,16,19,20,18,18,27,17,22,24,28,17,22,16,25,17, False,10,9,10,15,10,8,9,10,8,9,9,10,9,12,13,10,11,10,9, False,5,7,5,4,4,4,6,4,7,5,4,4,5,5,6,5,5,4,5,5,4,4,6,5,6, False,3,3,3,2,3,3,2,3,2,2,2,2,2,2,2, False,1,1,1,1,1,1,1,1,1,1,1,1,1, False],,,,,,,,,,,,,,,,,,,,,,,,,,,,,,,,,,,,,,,,,,,,,,,,,,,,,,,,,,,,,,,,,,,,,,,,,,,,,,,,,,,,,,,,,,,,,,,,,,,,,,,,,,,,,,,,,,,,,,,,,,,,,,,,
20|cs|300|0.5|uniform|50|None|None|1.5221400260925293|[16.0,16,16,16,16,16,16,16,16,16,16,16,16,16,16,16,16,16,16,16,16,16,16,16,16,16,16,16,16,16,16,16,16,16,16,16,16,16,16,16,16,16,16,16,16,16,16,16,16,16,16,16,16,16,16,16,16,16,16,16,16,16,16,16,16,16,16,16,16,16,16,16,16,16,16,16,16,16,16,16,16,16,16,16,16,16,16,16,16,16,16,16,16,16,16,16,16,16,16,16,16,16,16,16,16,16,16,16,16,16,16,16,16,16,16,16,16,16,16,16,16,16,16,16,16,16,16,16,16,16,16,16,16,16,16,16,16,16,16,16,16,16,16,16,16,16,16,16,16,16,16,16,16,16,16,16,16,16,16,16,16,16,16,16,16,16,16,16,16,16,16,16,16,16,16,16,16,16,16,16,16,16,16,16,16,16,16,16,16,16,16,16,16,16,16,16,16,16,16,16,16,16,16,16,16,16,16,16,16,16,16,16,16,16,16,16,16,16,16,16,16,8,8,8,8,8,8,8,8,8,8,8,8,8,8,8,8,8,8,8,8,8,8,8,8,8,8,8,8,8,8,8,8,8,8,8,8,8,8,8,8,8,8,8,4,4,4,4,4,4,4,4,4,4,4,4,4,4,4,4,4,4,4,4,2,2,2,2,2,2,2,2,2,2,2,2,2,2,2,2,2,2,2,1,1,1,1,1,1,1,1,1,1,1,1,1,1,1, 1]|[16.0,83,21,44,45,92,27,42,40,55,27,48,67,39,59,18,62,19,67,88,75,66,37,21,28,57,62,16,27,51,64,45,58,77,33,27,55,58,52,25,18,64,56,20,68,31,50,74,30,57,94,60,63,22,17,70,73,50,22,24,63,23,27,47,31,36,38,29,48,21,16,39,16,38,43,53,34,26,21,28,30,60,27,38,45,23,26,40,30,19,20,45,19,32,35,16,37,45,18,16,23,33,30,17,29,50,23,33,28,54,43,18,22,23,24,18,24,17,20,36,18,50,35,30,18,49,22,23,36,25,62,16,21,32,37,25,49,21,63,16,36,16,35,20,23,16,26,31,43,28,27,40,25,28,17,34,48,37,30,17,34,29,18,20,41,22,44,51,39,25,30,17,25,24,31,21,35,20,20,16,60,17,26,18,32,49,28,44,18,17,21,32,16,59,25,49,24,22,20,29,20,16,61,31,61,38,32,20,37,46,21,16,21,41,79,30,18,18,25,53, False,9,9,10,13,10,10,11,9,13,13,12,9,9,11,8,9,8,10,9,9,9,8,11,8,12,15,8,10,9,11,13,9,8,8,9,10,9,8,12,8,15,8, False,6,6,5,4,5,5,7,5,4,5,5,7,6,5,5,5,5,4,5, False,2,3,2,2,2,2,2,2,3,3,2,3,2,2,2,2,2,2, False,1,1,1,1,1,1,1,1,1,1,1,1,1,1,1, False],,,,,,,,,,,,,,,,,,,,,,,,,,,,,,,,,,,,,,,,,,,,,,,,,,,,,,,,,,,,,,,,,,,,,,,,,,,,,,,,,,,,,,,,,,,,,,,,,,,,,,,,,,,,,,,,,,,,,,,,,,,,,,,,,,,,,,,,,,,,,,,,,,,,,,,,,,,,,,,,,,,,,,,,,,,,
